time_s,TQ,loss_pct,nexthop,outgoing_if
0,255,0,(255),veth1-2
1.4,255,0,(255),veth1-2
2.7,255,0,(255),veth1-2
4.0,255,0,(255),veth1-2
5.3,255,0,(255),veth1-2
6.9,255,0,(255),veth1-2
8.1,255,0,(255),veth1-2
9.6,255,0,(255),veth1-2
10.8,255,0,(255),veth1-2
12.2,255,0,(255),veth1-2
13.9,255,0,(255),veth1-2
15.3,255,0,(255),veth1-2
16.6,255,0,(255),veth1-2
17.9,254,0,(254),veth1-2
19.3,254,0,(254),veth1-2
20.6,254,0,(254),veth1-2
21.9,254,0,(254),veth1-2
23.2,255,0,(255),veth1-2
24.7,254,0,(254),veth1-2
26.0,253,0,(253),veth1-2
27.4,251,0,(251),veth1-2
29.0,251,0,(251),veth1-2
30.6,252,100,(252),veth1-2
33.3,253,100,(253),veth1-2
34.7,253,100,(253),veth1-2
36.0,255,100,(255),veth1-2
37.3,225,100,(225),veth1-3
39.1,225,100,(225),veth1-3
40.7,225,100,(225),veth1-3
42.3,225,100,(225),veth1-3
43.8,224,100,(224),veth1-3
46.0,224,100,(224),veth1-3
48.1,225,100,(225),veth1-3
50.2,225,100,(225),veth1-3
51.6,225,100,(225),veth1-3
53.7,225,100,(225),veth1-3
55.5,225,100,(225),veth1-3
56.8,225,100,(225),veth1-3
58.2,225,100,(225),veth1-3
59.7,225,100,(225),veth1-3
61.0,225,100,(225),veth1-3
62.3,225,100,(225),veth1-3
63.6,225,100,(225),veth1-3
65.6,225,100,(225),veth1-3
67.3,225,100,(225),veth1-3
68.6,225,100,(225),veth1-3
69.9,225,100,(225),veth1-3
71.6,225,100,(225),veth1-3
73.0,223,100,(223),veth1-3
74.5,222,100,(222),veth1-3
75.8,220,100,(220),veth1-3
77.2,218,100,(218),veth1-3
78.6,219,100,(219),veth1-3
79.8,219,100,(219),veth1-3
81.1,218,100,(218),veth1-3
82.8,218,100,(218),veth1-3
84.3,219,100,(219),veth1-3
85.8,220,100,(220),veth1-3
87.2,222,100,(222),veth1-3
88.6,224,100,(224),veth1-3
89.9,225,100,(225),veth1-3
91.3,225,100,(225),veth1-3
92.6,225,100,(225),veth1-3
94.0,225,100,(225),veth1-3
95.4,225,100,(225),veth1-3
96.8,225,100,(225),veth1-3
98.2,225,100,(225),veth1-3
99.6,225,100,(225),veth1-3
101.0,225,100,(225),veth1-3
102.4,225,100,(225),veth1-3
103.7,225,100,(225),veth1-3
105.1,225,100,(225),veth1-3
106.5,225,100,(225),veth1-3
107.9,223,100,(223),veth1-3
109.2,222,100,(222),veth1-3
110.6,220,100,(220),veth1-3
112.0,218,100,(218),veth1-3
113.4,219,100,(219),veth1-3
114.7,219,100,(219),veth1-3
116.0,218,100,(218),veth1-3
117.5,219,100,(219),veth1-3
118.8,219,100,(219),veth1-3
120.2,218,100,(218),veth1-3
121.6,219,100,(219),veth1-3
123.0,219,100,(219),veth1-3
124.4,218,100,(218),veth1-3
125.6,219,100,(219),veth1-3
127.0,219,100,(219),veth1-3
128.8,221,100,(221),veth1-3
130.5,222,100,(222),veth1-3
131.9,224,100,(224),veth1-3
133.3,225,100,(225),veth1-3
134.7,225,100,(225),veth1-3
136.1,225,100,(225),veth1-3
137.5,223,100,(223),veth1-3
138.7,222,100,(222),veth1-3
140.1,221,100,(221),veth1-3
141.4,221,100,(221),veth1-3
142.8,221,100,(221),veth1-3
144.2,221,100,(221),veth1-3
146.4,221,100,(221),veth1-3
148.1,221,100,(221),veth1-3
149.6,221,100,(221),veth1-3
151.0,222,0,(222),veth1-3
152.9,222,0,(222),veth1-3
154.2,221,0,(221),veth1-3
155.6,222,0,(222),veth1-3
157.0,222,0,(222),veth1-3
158.4,223,0,(223),veth1-3
159.7,223,0,(223),veth1-3
161.1,223,0,(223),veth1-3
162.4,225,0,(225),veth1-3
163.7,225,0,(225),veth1-3
165.1,225,0,(225),veth1-3
166.4,225,0,(225),veth1-3
167.8,222,0,(222),veth1-3
169.1,221,0,(221),veth1-3
170.5,222,0,(222),veth1-3
171.7,223,0,(223),veth1-3
173.0,222,0,(222),veth1-3
174.3,223,0,(223),veth1-3
175.7,225,0,(225),veth1-3
177.2,225,0,(225),veth1-3
178.5,223,0,(223),veth1-3
179.9,221,0,(221),veth1-3
181.3,222,0,(222),veth1-3
182.4,223,0,(223),veth1-3
183.8,222,0,(222),veth1-3
185.1,221,0,(221),veth1-3
186.4,223,0,(223),veth1-2
187.7,226,0,(226),veth1-2
189.0,229,0,(229),veth1-2
190.3,233,0,(233),veth1-2
191.7,236,0,(236),veth1-2
193.1,238,0,(238),veth1-2
194.4,241,0,(241),veth1-2
196.0,243,0,(243),veth1-2
197.6,246,0,(246),veth1-2
199.0,247,0,(247),veth1-2
200.2,248,0,(248),veth1-2
201.5,250,0,(250),veth1-2
203.6,252,0,(252),veth1-2
205.0,252,0,(252),veth1-2
206.3,253,0,(253),veth1-2
207.6,253,0,(253),veth1-2
208.9,254,0,(254),veth1-2
210.9,255,0,(255),veth1-2
212.7,255,0,(255),veth1-2
214.0,255,0,(255),veth1-2
215.4,255,0,(255),veth1-2
217.1,255,0,(255),veth1-2
218.4,255,0,(255),veth1-2
219.7,255,0,(255),veth1-2
221.1,255,0,(255),veth1-2
222.4,255,0,(255),veth1-2
223.7,255,0,(255),veth1-2
225.0,255,0,(255),veth1-2
228.2,255,0,(255),veth1-2
239.8,255,0,(255),veth1-2
241.2,255,0,(255),veth1-2
242.7,255,0,(255),veth1-2
244.1,255,0,(255),veth1-2
245.7,255,0,(255),veth1-2
247.3,255,0,(255),veth1-2
248.5,255,0,(255),veth1-2
249.9,255,0,(255),veth1-2
251.3,255,0,(255),veth1-2
252.7,255,0,(255),veth1-2
254.1,255,0,(255),veth1-2
255.4,255,0,(255),veth1-2
256.9,255,0,(255),veth1-2
258.2,255,0,(255),veth1-2
259.6,255,0,(255),veth1-2
261.2,255,0,(255),veth1-2
262.6,255,0,(255),veth1-2
263.9,255,0,(255),veth1-2
265.2,255,0,(255),veth1-2
266.6,254,0,(254),veth1-2
268.4,254,0,(254),veth1-2
269.7,253,0,(253),veth1-2
271.5,252,0,(252),veth1-2
273.1,252,0,(252),veth1-2
274.4,253,0,(253),veth1-2
276.0,252,0,(252),veth1-2
277.3,252,0,(252),veth1-2
278.9,253,0,(253),veth1-2
280.2,253,0,(253),veth1-2
281.6,252,0,(252),veth1-2
283.1,253,0,(253),veth1-2
284.5,253,0,(253),veth1-2
285.8,252,0,(252),veth1-2
287.1,253,0,(253),veth1-2
288.5,253,0,(253),veth1-2
289.8,252,0,(252),veth1-2
291.1,252,0,(252),veth1-2
292.7,253,0,(253),veth1-2
294.1,252,0,(252),veth1-2
295.4,253,0,(253),veth1-2
296.7,253,0,(253),veth1-2
298.0,252,0,(252),veth1-2
299.3,253,0,(253),veth1-2
300.6,253,0,(253),veth1-2
302.1,252,0,(252),veth1-2
303.5,253,0,(253),veth1-2
304.8,252,0,(252),veth1-2
306.1,251,0,(251),veth1-2
307.6,251,0,(251),veth1-2
309.1,251,0,(251),veth1-2
310.3,251,0,(251),veth1-2
311.7,251,0,(251),veth1-2
313.0,251,0,(251),veth1-2
314.5,251,0,(251),veth1-2
315.8,252,0,(252),veth1-2
317.1,254,0,(254),veth1-2
318.5,255,0,(255),veth1-2
319.8,255,0,(255),veth1-2
321.1,255,0,(255),veth1-2
322.5,255,0,(255),veth1-2
323.8,255,0,(255),veth1-2
325.3,255,0,(255),veth1-2
326.6,255,0,(255),veth1-2
328.0,255,0,(255),veth1-2
329.7,255,0,(255),veth1-2
