time_s,TQ,loss_pct
0,255,0
1.1,255,0
2.3,255,0
3.4,255,0
4.5,255,0
5.5,255,0
6.6,255,0
7.6,255,0
8.6,255,0
9.7,255,0
10.7,255,0
11.8,255,0
12.9,255,0
13.9,255,0
15.0,255,0
16.0,255,0
17.1,255,0
18.1,255,0
19.2,255,0
20.2,255,0
21.3,255,0
22.3,255,0
23.3,255,0
24.4,255,0
25.4,255,0
26.5,255,0
27.5,255,0
28.6,255,0
29.6,255,0
30.7,255,30
31.8,254,30
32.9,253,30
33.9,253,30
35.0,252,30
36.0,252,30
37.1,251,30
38.1,250,30
39.2,249,30
40.2,248,30
41.3,246,30
42.4,245,30
43.4,245,30
44.5,243,30
45.5,243,30
46.6,243,30
47.6,242,30
48.7,242,30
49.7,242,30
50.7,242,30
51.8,242,30
52.8,242,30
53.9,243,30
54.9,243,30
56.0,243,30
57.0,241,30
58.0,239,30
59.1,236,30
60.2,231,30
61.2,227,30
62.3,224,30
63.3,223,30
64.3,222,30
65.4,222,30
66.4,222,30
67.5,222,30
68.5,222,30
69.6,222,30
70.6,222,30
71.6,221,30
72.7,221,30
73.7,222,30
74.8,221,30
75.8,220,30
76.8,220,30
77.9,220,30
78.9,218,30
80.0,216,30
81.0,213,30
82.1,209,30
83.1,204,30
84.1,204,30
85.2,199,30
86.2,193,30
87.2,193,30
88.3,188,30
89.3,188,30
90.4,183,0
91.4,178,0
92.5,174,0
93.5,171,0
94.5,168,0
95.6,167,0
96.6,167,0
97.6,169,0
98.7,171,0
99.7,173,0
100.7,175,0
101.8,175,0
102.9,176,0
103.9,177,0
105.0,179,0
106.0,180,0
107.0,182,0
108.0,185,0
109.1,187,0
110.1,188,0
111.1,190,0
112.2,190,0
113.3,192,0
114.4,192,0
115.5,192,0
116.5,192,0
117.6,194,0
118.7,194,0
119.7,194,0
120.7,195,0
121.9,195,0
123.1,199,0
124.4,203,0
126.2,211,0
127.5,214,0
128.7,216,0
130.0,217,0
131.3,217,0
132.5,217,0
133.7,216,0
135.3,215,0
136.5,215,0
137.7,215,0
138.9,215,0
140.2,217,0
141.4,218,0
142.6,219,0
143.8,220,0
145.1,221,0
146.3,223,0
147.5,226,0
148.7,232,0
